shot,error109694,%TREE-E-NOMSG, Message number 0x0fd1901a
110734,%TREE-E-NOMSG, Message number 0x0fd1901a
111730,%TREE-E-NOMSG, Message number 0x0fd1901a
111802,%TREE-E-NOMSG, Message number 0x0fd1901a
114716,%TREE-E-NOMSG, Message number 0x0fd1901a
116025,%TREE-E-NOMSG, Message number 0x0fd1901a
118130,%TREE-E-NOMSG, Message number 0x0fd1901a
121648,%TREE-E-NOMSG, Message number 0x0fd1901a
129794,%TREE-E-NOMSG, Message number 0x0fd1901a
129795,%TREE-E-NOMSG, Message number 0x0fd1901a
130239,%TREE-E-NOMSG, Message number 0x0fd1901a
130240,%TREE-E-NOMSG, Message number 0x0fd1901a
130241,%TREE-E-NOMSG, Message number 0x0fd1901a
130242,%TREE-E-NOMSG, Message number 0x0fd1901a
130243,%TREE-E-NOMSG, Message number 0x0fd1901a
130244,%TREE-E-NOMSG, Message number 0x0fd1901a
130245,%TREE-E-NOMSG, Message number 0x0fd1901a
130246,%TREE-E-NOMSG, Message number 0x0fd1901a
130247,%TREE-E-NOMSG, Message number 0x0fd1901a
130248,%TREE-E-NOMSG, Message number 0x0fd1901a
130249,%TREE-E-NOMSG, Message number 0x0fd1901a
130250,%TREE-E-NOMSG, Message number 0x0fd1901a
130251,%TREE-E-NOMSG, Message number 0x0fd1901a
130253,%TREE-E-NOMSG, Message number 0x0fd1901a
130254,%TREE-E-NOMSG, Message number 0x0fd1901a
130255,%TREE-E-NOMSG, Message number 0x0fd1901a
130256,%TREE-E-NOMSG, Message number 0x0fd1901a
130257,%TREE-E-NOMSG, Message number 0x0fd1901a
130258,%TREE-E-NOMSG, Message number 0x0fd1901a
130259,%TREE-E-NOMSG, Message number 0x0fd1901a
130260,%TREE-E-NOMSG, Message number 0x0fd1901a
130261,%TREE-E-NOMSG, Message number 0x0fd1901a
130262,%TREE-E-NOMSG, Message number 0x0fd1901a
130263,%TREE-E-NOMSG, Message number 0x0fd1901a
130264,%TREE-E-NOMSG, Message number 0x0fd1901a
130265,%TREE-E-NOMSG, Message number 0x0fd1901a
130266,%TREE-E-NOMSG, Message number 0x0fd1901a
130267,%TREE-E-NOMSG, Message number 0x0fd1901a
130268,%TREE-E-NOMSG, Message number 0x0fd1901a
130269,%TREE-E-NOMSG, Message number 0x0fd1901a
130270,%TREE-E-NOMSG, Message number 0x0fd1901a
130271,%TREE-E-NOMSG, Message number 0x0fd1901a
130272,%TREE-E-NOMSG, Message number 0x0fd1901a
130274,%TREE-E-NOMSG, Message number 0x0fd1901a
130275,%TREE-E-NOMSG, Message number 0x0fd1901a
130276,%TREE-E-NOMSG, Message number 0x0fd1901a
130278,%TREE-E-NOMSG, Message number 0x0fd1901a
130279,%TREE-E-NOMSG, Message number 0x0fd1901a
130280,%TREE-E-NOMSG, Message number 0x0fd1901a
130281,%TREE-E-NOMSG, Message number 0x0fd1901a
130282,%TREE-E-NOMSG, Message number 0x0fd1901a
130283,%TREE-E-NOMSG, Message number 0x0fd1901a
130639,%TREE-E-NOMSG, Message number 0x0fd1901a
130640,%TREE-E-NOMSG, Message number 0x0fd1901a
131047,%TREE-E-NOMSG, Message number 0x0fd1901a
131375,%TREE-E-NOMSG, Message number 0x0fd1901a
135120,%TREE-E-NOMSG, Message number 0x0fd1901a
135121,%TREE-E-NOMSG, Message number 0x0fd1901a
135122,%TREE-E-NOMSG, Message number 0x0fd1901a
139308,%TREE-E-NOMSG, Message number 0x0fd1901a
141521,%TREE-E-NOMSG, Message number 0x0fd1901a
141831,%TREE-E-NOMSG, Message number 0x0fd1901a
142633,%TREE-E-NOMSG, Message number 0x0fd1901a
142760,%TREE-E-NOMSG, Message number 0x0fd1901a
143710,%TREE-E-NOMSG, Message number 0x0fd1901a
143766,%TREE-E-NOMSG, Message number 0x0fd1901a
143782,%TREE-E-NOMSG, Message number 0x0fd1901a
144066,%TREE-E-NOMSG, Message number 0x0fd1901a
144675,%TREE-E-NOMSG, Message number 0x0fd1901a
144692,%TREE-E-NOMSG, Message number 0x0fd1901a
144701,%TREE-E-NOMSG, Message number 0x0fd1901a
145244,%TREE-E-NOMSG, Message number 0x0fd1901a
150278,%TREE-E-NOMSG, Message number 0x0fd1901a
150466,%TREE-E-NOMSG, Message number 0x0fd1901a
150467,%TREE-E-NOMSG, Message number 0x0fd1901a
150468,%TREE-E-NOMSG, Message number 0x0fd1901a
150469,%TREE-E-NOMSG, Message number 0x0fd1901a
150470,%TREE-E-NOMSG, Message number 0x0fd1901a
150471,%TREE-E-NOMSG, Message number 0x0fd1901a
150555,%TREE-E-NOMSG, Message number 0x0fd1901a
150557,%TREE-E-NOMSG, Message number 0x0fd1901a
150558,%TREE-E-NOMSG, Message number 0x0fd1901a
150693,%TREE-E-NOMSG, Message number 0x0fd1901a
150696,%TREE-E-NOMSG, Message number 0x0fd1901a
151026,%TREE-E-NOMSG, Message number 0x0fd1901a
151645,%TREE-E-NOMSG, Message number 0x0fd1901a
151646,%TREE-E-NOMSG, Message number 0x0fd1901a
152131,%TREE-E-NOMSG, Message number 0x0fd1901a
152136,%TREE-E-NOMSG, Message number 0x0fd1901a
152172,%TREE-E-NOMSG, Message number 0x0fd1901a
152174,%TREE-E-NOMSG, Message number 0x0fd1901a
152199,%TREE-E-NOMSG, Message number 0x0fd1901a
152247,%TREE-E-NOMSG, Message number 0x0fd1901a
152324,%TREE-E-NOMSG, Message number 0x0fd1901a
152515,%TREE-E-NOMSG, Message number 0x0fd1901a
154281,%TREE-E-NOMSG, Message number 0x0fd1901a
155826,%TREE-E-NOMSG, Message number 0x0fd1901a
155852,%TREE-E-NOMSG, Message number 0x0fd1901a
155949,%TREE-E-NOMSG, Message number 0x0fd1901a
156399,%TREE-E-NOMSG, Message number 0x0fd1901a
157033,%TREE-E-NOMSG, Message number 0x0fd1901a
157846,%TREE-E-NOMSG, Message number 0x0fd1901a
159548,%TREE-E-NOMSG, Message number 0x0fd1901a
161715,%TREE-E-NOMSG, Message number 0x0fd1901a
162338,%TREE-E-NOMSG, Message number 0x0fd1901a
163462,%TREE-E-NOMSG, Message number 0x0fd1901a
163704,%TREE-E-NOMSG, Message number 0x0fd1901a
164686,%TREE-E-NOMSG, Message number 0x0fd1901a
169105,%TREE-E-NOMSG, Message number 0x0fd1901a
169279,%TREE-E-NOMSG, Message number 0x0fd1901a
173053,%TREE-E-NOMSG, Message number 0x0fd1901a
177402,%TREE-E-NOMSG, Message number 0x0fd1901a
177514,%TREE-E-NOMSG, Message number 0x0fd1901a
177515,%TREE-E-NOMSG, Message number 0x0fd1901a
177517,%TREE-E-NOMSG, Message number 0x0fd1901a
177518,%TREE-E-NOMSG, Message number 0x0fd1901a
177525,%TREE-E-NOMSG, Message number 0x0fd1901a
177529,%TREE-E-NOMSG, Message number 0x0fd1901a
177531,%TREE-E-NOMSG, Message number 0x0fd1901a
177533,%TREE-E-NOMSG, Message number 0x0fd1901a
177534,%TREE-E-NOMSG, Message number 0x0fd1901a
177535,%TREE-E-NOMSG, Message number 0x0fd1901a
177536,%TREE-E-NOMSG, Message number 0x0fd1901a
177539,%TREE-E-NOMSG, Message number 0x0fd1901a
177540,%TREE-E-NOMSG, Message number 0x0fd1901a
178505,%TREE-E-NOMSG, Message number 0x0fd1901a
179000,%TREE-E-NOMSG, Message number 0x0fd1901a
180652,%TREE-E-NOMSG, Message number 0x0fd1901a
183707,%TREE-E-NOMSG, Message number 0x0fd1901a
185200,%TREE-E-NOMSG, Message number 0x0fd1901a
185540,%TREE-E-NOMSG, Message number 0x0fd1901a
186900,%TREE-E-NOMSG, Message number 0x0fd1901a
187695,%TREE-E-NOMSG, Message number 0x0fd1901a
188354,%TREE-E-NOMSG, Message number 0x0fd1901a
190830,%TREE-E-NOMSG, Message number 0x0fd1901a
190927,%TREE-E-NOMSG, Message number 0x0fd1901a
191048,%TREE-E-NOMSG, Message number 0x0fd1901a
191518,%TREE-E-NOMSG, Message number 0x0fd1901a
