shot,error156206,%TREE-E-NOMSG, Message number 0x0fd1901a
156384,%TREE-E-NOMSG, Message number 0x0fd1901a
157033,%TREE-E-NOMSG, Message number 0x0fd1901a
157846,%TREE-E-NOMSG, Message number 0x0fd1901a
159691,%TREE-E-NOMSG, Message number 0x0fd1901a
160940,%TREE-E-NOMSG, Message number 0x0fd1901a
161715,%TREE-E-NOMSG, Message number 0x0fd1901a
162338,%TREE-E-NOMSG, Message number 0x0fd1901a
162512,%TREE-E-NOMSG, Message number 0x0fd1901a
162527,%TREE-E-NOMSG, Message number 0x0fd1901a
162910,%TREE-E-NOMSG, Message number 0x0fd1901a
163704,%TREE-E-NOMSG, Message number 0x0fd1901a
164686,%TREE-E-NOMSG, Message number 0x0fd1901a
165931,%TREE-E-NOMSG, Message number 0x0fd1901a
166009,%TREE-E-NOMSG, Message number 0x0fd1901a
166398,%TREE-E-NOMSG, Message number 0x0fd1901a
168578,%TREE-E-NOMSG, Message number 0x0fd1901a
169279,%TREE-E-NOMSG, Message number 0x0fd1901a
173053,%TREE-E-NOMSG, Message number 0x0fd1901a
176572,%TREE-E-NOMSG, Message number 0x0fd1901a
